RegionID,RegionName,SizeRank,2014-01,2014-02,2014-03,2014-04,2014-05,2014-06,2014-07,2014-08,2014-09,2014-10,2014-11,2014-12,2015-01,2015-02,2015-03,2015-04,2015-05,2015-06,2015-07,2015-08,2015-09,2015-10,2015-11,2015-12,2016-01,2016-02,2016-03,2016-04,2016-05,2016-06,2016-07,2016-08,2016-09,2016-10,2016-11,2016-12,2017-01,2017-02,2017-03,2017-04,2017-05,2017-06,2017-07,2017-08,2017-09,2017-10,2017-11,2017-12,2018-01,2018-02,2018-03,2018-04,2018-05,2018-06,2018-07,2018-08,2018-09,2018-10,2018-11,2018-12,2019-01,2019-02,2019-03,2019-04,2019-05,2019-06,2019-07,2019-08,2019-09,2019-10,2019-11,2019-12,2020-01,2020-02,2020-03,2020-04,2020-05,2020-06,2020-07,2020-08,2020-09,2020-10,2020-11,2020-12,2021-01,2021-02,2021-03,2021-04,2021-05,2021-06,2021-07,2021-08,2021-09,2021-10,2021-11,2021-12
102001,United States,0,1318,1324,1329,1334,1340,1345,1351,1356,1361,1367,1372,1378,1383,1389,1394,1399,1404,1410,1415,1420,1425,1430,1435,1440,1445,1450,1454,1459,1463,1467,1471,1475,1478,1482,1486,1490,1494,1498,1502,1506,1510,1515,1519,1523,1527,1531,1536,1540,1544,1549,1553,1558,1562,1567,1572,1577,1582,1586,1591,1596,1601,1606,1611,1616,1620,1625,1630,1634,1638,1642,1644,1646,1648,1649,1650,1650,1651,1652,1652,1655,1658,1660,1669,1678,1687,1705,1723,1741,1761,1782,1803,1824,1845,1867,1889,1911
394913,"New York, NY",1,4684,4705,4725,4746,4767,4787,4808,4829,4849,4870,4890,4910,4930,4949,4968,4986,5004,5022,5039,5054,5069,5084,5096,5107,5119,5128,5137,5146,5153,5161,5169,5176,5183,5190,5198,5206,5213,5221,5229,5237,5243,5249,5255,5261,5266,5271,5276,5282,5287,5294,5300,5307,5315,5323,5332,5342,5352,5362,5374,5386,5398,5409,5420,5431,5441,5450,5460,5467,5475,5482,5476,5470,5464,5438,5411,5385,5346,5308,5269,5234,5199,5163,5153,5144,5134,5174,5214,5255,5310,5366,5421,5481,5541,5601,5664,5728
753899,"Los Angeles-Long Beach-Anaheim, CA",2,1750,1761,1771,1782,1792,1803,1813,1824,1834,1845,1856,1866,1877,1887,1897,1907,1917,1928,1938,1949,1960,1971,1981,1992,2003,2013,2023,2033,2043,2052,2062,2071,2080,2089,2098,2107,2117,2126,2135,2144,2152,2161,2169,2177,2185,2192,2200,2207,2215,2222,2230,2238,2246,2253,2261,2269,2277,2285,2292,2300,2307,2314,2321,2328,2335,2341,2348,2353,2358,2363,2365,2366,2368,2366,2365,2363,2361,2359,2356,2356,2356,2356,2365,2373,2381,2402,2423,2443,2468,2492,2516,2541,2566,2592,2618,2644
394463,"Chicago, IL",3,1405,1409,1413,1416,1420,1423,1427,1430,1434,1437,1441,1444,1448,1451,1455,1459,1462,1466,1470,1474,1479,1484,1488,1493,1498,1502,1505,1509,1512,1515,1517,1520,1523,1525,1528,1531,1533,1536,1538,1541,1543,1546,1549,1551,1554,1557,1559,1561,1564,1566,1569,1571,1574,1577,1579,1582,1585,1588,1592,1595,1598,1602,1606,1609,1613,1617,1621,1624,1627,1630,1631,1632,1633,1631,1629,1627,1624,1621,1617,1615,1612,1609,1611,1613,1615,1625,1634,1644,1656,1668,1680,1692,1705,1717,1731,1744
394514,"Dallas-Fort Worth, TX",4,1128,1131,1135,1138,1142,1146,1149,1153,1157,1160,1164,1168,1172,1177,1182,1186,1191,1195,1200,1204,1209,1214,1219,1223,1228,1233,1239,1244,1249,1254,1259,1264,1269,1274,1279,1283,1288,1292,1296,1301,1305,1309,1313,1317,1321,1325,1329,1333,1336,1340,1343,1347,1351,1354,1358,1362,1366,1370,1375,1379,1383,1388,1392,1396,1400,1404,1408,1411,1414,1417,1419,1421,1423,1424,1425,1427,1429,1431,1433,1438,1442,1447,1457,1468,1478,1498,1517,1536,1557,1578,1599,1621,1643,1665,1688,1710
394974,"Philadelphia, PA",5,1331,1333,1336,1339,1341,1344,1346,1349,1352,1355,1358,1361,1364,1367,1370,1373,1376,1379,1383,1386,1390,1394,1397,1401,1404,1407,1411,1414,1417,1420,1423,1426,1429,1431,1434,1437,1439,1442,1444,1447,1450,1453,1455,1458,1461,1464,1468,1471,1475,1478,1482,1486,1489,1493,1497,1501,1506,1510,1514,1518,1522,1527,1531,1535,1539,1543,1547,1551,1554,1558,1560,1563,1565,1567,1569,1571,1573,1575,1577,1580,1583,1585,1592,1598,1604,1616,1628,1640,1654,1668,1682,1696,1710,1725,1740,1755
394692,"Houston, TX",6,1161,1168,1174,1181,1188,1194,1201,1207,1213,1220,1225,1230,1235,1239,1243,1246,1249,1252,1255,1257,1260,1262,1264,1265,1266,1266,1267,1267,1267,1266,1266,1265,1264,1264,1264,1263,1263,1264,1266,1267,1270,1273,1276,1280,1284,1287,1292,1296,1300,1303,1307,1311,1313,1315,1317,1319,1321,1322,1324,1326,1328,1330,1332,1334,1336,1337,1339,1341,1343,1345,1345,1345,1345,1345,1344,1344,1344,1344,1344,1345,1347,1348,1354,1360,1366,1379,1391,1403,1417,1430,1444,1458,1472,1486,1501,1515
395209,"Washington, DC",7,1772,1774,1777,1780,1783,1785,1788,1791,1793,1796,1798,1801,1803,1805,1807,1808,1811,1813,1816,1819,1822,1825,1828,1831,1834,1836,1839,1841,1843,1845,1848,1850,1852,1855,1858,1860,1863,1866,1869,1872,1875,1877,1879,1881,1883,1885,1888,1890,1893,1896,1899,1903,1907,1911,1915,1920,1925,1930,1935,1940,1944,1949,1954,1958,1963,1967,1971,1974,1977,1981,1981,1981,1982,1978,1975,1972,1967,1961,1955,1950,1946,1941,1942,1944,1945,1959,1972,1985,2002,2019,2035,2053,2071,2088,2107,2126
394856,"Miami-Fort Lauderdale, FL",8,1563,1570,1578,1586,1593,1601,1608,1616,1624,1631,1639,1647,1655,1663,1671,1679,1687,1695,1703,1710,1718,1726,1732,1739,1745,1750,1755,1759,1763,1766,1769,1772,1775,1778,1780,1783,1786,1790,1793,1796,1800,1804,1807,1811,1815,1819,1823,1827,1831,1836,1840,1844,1849,1853,1858,1862,1867,1871,1875,1880,1884,1888,1892,1896,1900,1904,1908,1913,1917,1921,1924,1928,1931,1933,1936,1939,1942,1946,1950,1958,1967,1975,1995,2015,2035,2074,2112,2150,2194,2238,2282,2327,2373,2419,2466,2513
394347,"Atlanta, GA",9,1078,1082,1085,1089,1093,1097,1101,1105,1109,1113,1117,1122,1126,1131,1136,1141,1146,1151,1156,1161,1167,1172,1177,1183,1189,1195,1201,1207,1213,1219,1225,1230,1236,1242,1248,1253,1259,1265,1270,1276,1282,1288,1293,1299,1306,1312,1318,1324,1330,1336,1342,1349,1355,1362,1369,1376,1383,1390,1398,1405,1412,1418,1424,1431,1437,1442,1448,1453,1457,1462,1466,1469,1473,1477,1482,1486,1492,1498,1505,1515,1525,1535,1553,1570,1588,1615,1642,1668,1697,1725,1754,1783,1813,1842,1872,1902
394404,"Boston, MA",10,2154,2159,2165,2171,2177,2182,2188,2194,2199,2205,2211,2218,2225,2231,2237,2243,2250,2257,2264,2272,2280,2288,2296,2304,2312,2319,2327,2335,2342,2349,2356,2363,2370,2377,2384,2390,2397,2403,2409,2415,2421,2426,2432,2438,2443,2449,2454,2460,2465,2471,2477,2483,2489,2495,2502,2508,2515,2521,2528,2535,2542,2549,2556,2563,2569,2576,2582,2588,2593,2598,2599,2599,2600,2592,2585,2578,2566,2554,2542,2532,2522,2512,2512,2512,2512,2530,2549,2568,2592,2616,2640,2666,2692,2717,2744,2772
395057,"San Francisco, CA",11,2155,2188,2221,2254,2287,2320,2352,2385,2417,2450,2481,2512,2543,2569,2595,2621,2644,2666,2689,2708,2728,2747,2762,2777,2792,2802,2812,2822,2827,2833,2839,2842,2846,2850,2855,2860,2865,2871,2878,2884,2892,2900,2908,2917,2925,2933,2940,2948,2955,2963,2971,2979,2988,2996,3005,3014,3023,3032,3041,3049,3058,3066,3073,3081,3088,3094,3101,3107,3112,3117,3116,3114,3112,3099,3085,3072,3051,3030,3009,2988,2968,2948,2941,2933,2926,2941,2955,2970,2990,3011,3031,3053,3075,3098,3121,3145
394532,"Detroit, MI",12,964,966,969,971,974,976,979,981,984,986,989,991,994,996,999,1001,1004,1006,1009,1011,1014,1017,1020,1023,1025,1028,1031,1035,1037,1040,1043,1046,1049,1051,1054,1058,1061,1064,1067,1071,1074,1078,1082,1085,1089,1092,1096,1099,1103,1106,1109,1113,1116,1119,1123,1126,1129,1133,1136,1139,1143,1146,1149,1152,1155,1158,1161,1164,1166,1169,1171,1173,1176,1179,1183,1186,1192,1197,1203,1210,1218,1226,1235,1245,1255,1266,1278,1289,1301,1312,1324,1335,1347,1359,1371,1383
395025,"Riverside, CA",13,1425,1430,1435,1440,1445,1450,1455,1460,1465,1470,1476,1482,1487,1493,1499,1505,1512,1518,1524,1530,1536,1542,1548,1554,1560,1567,1573,1579,1585,1592,1598,1605,1612,1619,1627,1635,1643,1651,1659,1667,1675,1683,1691,1699,1707,1715,1723,1730,1738,1746,1755,1763,1771,1779,1788,1796,1804,1812,1819,1826,1833,1840,1847,1854,1860,1867,1874,1880,1886,1893,1899,1905,1911,1920,1929,1938,1952,1966,1980,2000,2020,2040,2067,2095,2122,2155,2187,2220,2252,2284,2316,2349,2381,2414,2447,2480
394976,"Phoenix, AZ",14,958,962,965,969,973,977,980,984,988,992,997,1002,1007,1012,1017,1022,1027,1033,1038,1043,1048,1053,1057,1062,1067,1072,1077,1082,1087,1091,1096,1101,1105,1110,1115,1120,1124,1129,1134,1139,1145,1150,1155,1160,1166,1172,1178,1184,1190,1197,1204,1210,1218,1225,1233,1241,1249,1257,1265,1273,1281,1290,1298,1306,1315,1323,1331,1340,1348,1356,1363,1369,1376,1383,1390,1397,1406,1415,1424,1437,1449,1462,1483,1505,1526,1557,1588,1619,1651,1684,1716,1750,1783,1816,1851,1885
395078,"Seattle, WA",15,1362,1372,1382,1392,1402,1411,1421,1431,1441,1450,1460,1470,1479,1488,1497,1506,1515,1524,1533,1542,1551,1560,1570,1580,1590,1600,1610,1620,1630,1639,1649,1659,1669,1679,1689,1698,1708,1717,1726,1735,1742,1750,1757,1763,1769,1775,1780,1785,1789,1794,1798,1803,1808,1813,1819,1824,1830,1836,1842,1849,1855,1862,1868,1875,1883,1890,1897,1905,1912,1920,1923,1927,1931,1930,1929,1928,1922,1917,1911,1906,1901,1896,1899,1903,1907,1926,1945,1965,1988,2012,2035,2060,2085,2110,2137,2163
394865,"Minneapolis-St Paul, MN",16,1181,1184,1187,1190,1193,1196,1199,1202,1205,1208,1211,1215,1218,1222,1225,1229,1233,1237,1241,1245,1250,1254,1259,1263,1267,1272,1276,1280,1285,1290,1294,1299,1304,1309,1313,1318,1323,1328,1333,1337,1342,1347,1352,1356,1361,1365,1370,1375,1380,1385,1389,1394,1399,1404,1408,1413,1418,1423,1428,1434,1439,1443,1448,1453,1458,1463,1467,1472,1476,1480,1483,1486,1489,1491,1493,1496,1497,1498,1500,1501,1503,1504,1507,1511,1514,1521,1528,1535,1542,1549,1557,1564,1572,1579,1587,1595
395056,"San Diego, CA",17,1703,1712,1721,1731,1740,1749,1758,1768,1777,1787,1796,1806,1816,1825,1835,1844,1853,1862,1871,1879,1888,1897,1906,1915,1924,1933,1942,1952,1960,1969,1977,1986,1994,2003,2011,2020,2028,2037,2045,2054,2062,2071,2079,2087,2096,2104,2112,2120,2129,2137,2146,2154,2162,2170,2179,2186,2193,2201,2207,2214,2221,2227,2233,2240,2246,2252,2259,2264,2270,2275,2279,2282,2286,2289,2292,2295,2300,2306,2311,2320,2329,2338,2355,2373,2390,2420,2449,2478,2511,2543,2576,2609,2642,2676,2710,2745
395121,"St. Louis, MO",18,907,909,912,915,918,921,923,926,929,932,934,937,939,941,943,945,947,949,951,953,955,957,959,961,963,965,967,969,970,972,974,976,977,979,980,982,984,985,987,989,991,992,994,996,998,1000,1002,1003,1005,1007,1009,1011,1013,1015,1017,1020,1023,1025,1028,1031,1034,1037,1040,1043,1046,1049,1052,1055,1058,1061,1063,1066,1068,1071,1074,1076,1080,1083,1086,1090,1094,1098,1104,1110,1116,1124,1133,1141,1150,1159,1169,1178,1187,1197,1206,1216
395148,"Tampa, FL",19,1107,1111,1115,1118,1122,1126,1130,1134,1138,1142,1146,1151,1155,1160,1165,1169,1175,1180,1185,1190,1196,1201,1206,1212,1217,1222,1227,1232,1237,1242,1247,1251,1256,1261,1266,1270,1275,1280,1285,1290,1294,1299,1304,1310,1315,1320,1326,1332,1338,1343,1349,1355,1361,1366,1372,1377,1383,1388,1393,1398,1404,1409,1414,1419,1424,1429,1435,1440,1445,1450,1455,1459,1463,1468,1474,1479,1486,1492,1499,1510,1521,1532,1552,1571,1591,1625,1658,1691,1727,1763,1800,1837,1874,1912,1951,1989
394358,"Baltimore, MD",20,1436,1439,1443,1446,1449,1452,1456,1458,1461,1464,1466,1469,1471,1473,1474,1476,1478,1480,1481,1483,1485,1487,1489,1491,1493,1494,1494,1495,1495,1495,1495,1494,1494,1494,1495,1495,1496,1497,1498,1499,1500,1502,1503,1504,1505,1506,1508,1509,1510,1511,1512,1514,1516,1518,1520,1523,1525,1528,1531,1534,1537,1540,1543,1546,1548,1551,1554,1555,1557,1558,1558,1558,1558,1558,1558,1558,1560,1561,1563,1567,1572,1577,1587,1597,1607,1622,1637,1652,1668,1684,1700,1716,1733,1749,1766,1782
394530,"Denver, CO",21,1191,1205,1220,1235,1249,1264,1278,1293,1307,1322,1335,1349,1362,1373,1384,1394,1403,1412,1421,1428,1436,1444,1450,1457,1463,1469,1474,1479,1483,1487,1491,1494,1498,1501,1505,1509,1513,1518,1522,1527,1531,1536,1541,1545,1550,1555,1559,1564,1568,1573,1578,1582,1588,1593,1598,1604,1609,1615,1620,1625,1631,1636,1640,1645,1649,1654,1658,1661,1664,1667,1668,1669,1669,1669,1668,1667,1667,1667,1666,1668,1671,1673,1682,1692,1701,1719,1737,1756,1776,1796,1816,1836,1857,1878,1899,1921
394982,"Pittsburgh, PA",22,1005,1010,1015,1020,1024,1029,1034,1038,1042,1046,1049,1051,1053,1054,1055,1056,1057,1058,1060,1062,1064,1065,1067,1069,1071,1071,1072,1073,1074,1074,1075,1076,1077,1077,1078,1080,1081,1082,1084,1086,1088,1090,1092,1094,1096,1098,1101,1103,1105,1109,1112,1115,1118,1121,1124,1128,1131,1134,1137,1139,1142,1146,1149,1152,1156,1160,1163,1167,1170,1174,1176,1179,1182,1183,1185,1187,1188,1190,1192,1194,1196,1199,1203,1207,1212,1219,1227,1234,1242,1250,1259,1267,1275,1284,1293,1301
394998,"Portland, OR",23,1136,1145,1155,1164,1173,1183,1192,1201,1211,1220,1230,1240,1250,1261,1271,1282,1292,1303,1313,1324,1334,1344,1354,1363,1373,1380,1387,1395,1401,1407,1413,1418,1423,1429,1433,1438,1443,1447,1451,1455,1459,1462,1466,1469,1472,1475,1478,1481,1484,1487,1491,1495,1499,1503,1508,1512,1517,1521,1526,1530,1535,1539,1544,1548,1553,1558,1563,1567,1571,1575,1577,1579,1581,1582,1584,1585,1586,1587,1589,1592,1596,1599,1608,1616,1625,1640,1656,1671,1687,1704,1720,1737,1755,1772,1789,1807
394458,"Charlotte, NC",24,1060,1063,1067,1071,1075,1078,1082,1086,1090,1094,1098,1103,1107,1112,1116,1121,1126,1131,1136,1142,1147,1152,1157,1162,1167,1172,1177,1182,1187,1191,1196,1201,1205,1210,1215,1220,1225,1229,1234,1239,1243,1248,1252,1256,1261,1265,1269,1273,1278,1282,1287,1291,1296,1301,1306,1312,1318,1324,1329,1335,1341,1347,1353,1358,1363,1369,1374,1378,1382,1387,1389,1392,1394,1396,1398,1400,1403,1406,1409,1416,1422,1428,1440,1453,1465,1486,1506,1527,1549,1571,1594,1617,1639,1662,1686,1710
395045,"Sacramento, CA",25,1268,1273,1279,1284,1289,1294,1300,1305,1311,1316,1323,1329,1336,1343,1351,1358,1367,1375,1383,1391,1400,1409,1418,1428,1437,1447,1456,1465,1475,1485,1495,1505,1515,1525,1536,1546,1556,1567,1577,1588,1598,1608,1618,1627,1636,1645,1653,1662,1670,1678,1686,1694,1701,1709,1716,1724,1732,1740,1748,1755,1763,1770,1777,1784,1791,1797,1804,1809,1815,1821,1826,1831,1836,1843,1850,1857,1867,1877,1886,1899,1912,1925,1943,1961,1979,2001,2024,2046,2068,2091,2113,2136,2159,2182,2205,2228
395055,"San Antonio, TX",26,957,960,962,965,968,971,973,976,979,982,985,988,992,995,999,1002,1006,1010,1013,1017,1020,1024,1027,1030,1033,1036,1039,1041,1044,1047,1050,1053,1056,1059,1062,1065,1068,1070,1073,1076,1078,1080,1082,1084,1086,1088,1090,1093,1095,1098,1100,1103,1106,1110,1113,1116,1119,1123,1126,1129,1133,1136,1140,1143,1146,1150,1153,1156,1159,1161,1163,1165,1167,1168,1169,1170,1172,1174,1176,1180,1183,1187,1195,1203,1211,1225,1239,1253,1268,1283,1298,1314,1330,1345,1362,1378
394943,"Orlando, FL",27,1162,1166,1170,1175,1179,1183,1187,1192,1196,1200,1205,1209,1214,1219,1223,1228,1234,1239,1245,1250,1256,1262,1267,1273,1278,1284,1289,1294,1299,1304,1309,1314,1319,1324,1330,1335,1340,1346,1351,1356,1362,1369,1375,1382,1389,1396,1404,1411,1419,1426,1434,1441,1448,1455,1462,1468,1474,1480,1485,1491,1496,1501,1506,1511,1516,1521,1526,1530,1534,1538,1540,1542,1544,1546,1547,1548,1550,1552,1553,1558,1563,1568,1581,1595,1608,1634,1660,1686,1716,1746,1776,1806,1837,1868,1900,1932
394466,"Cincinnati, OH",28,931,935,938,942,945,948,952,955,958,962,965,968,971,974,977,980,984,987,991,994,998,1002,1005,1008,1011,1014,1016,1019,1022,1025,1028,1031,1034,1038,1041,1045,1048,1052,1055,1058,1062,1065,1068,1071,1074,1077,1080,1084,1087,1091,1095,1099,1104,1108,1113,1118,1122,1127,1132,1137,1143,1148,1153,1158,1163,1168,1173,1177,1182,1187,1191,1195,1199,1203,1207,1211,1216,1220,1225,1231,1237,1242,1250,1258,1266,1276,1286,1296,1306,1317,1327,1338,1348,1359,1369,1380
394475,"Cleveland, OH",29,922,925,928,931,934,937,940,943,946,949,953,956,960,964,967,971,974,977,980,982,985,988,991,995,998,1002,1005,1009,1010,1012,1014,1014,1014,1015,1014,1013,1012,1011,1010,1009,1010,1011,1012,1014,1016,1017,1020,1022,1024,1026,1029,1031,1034,1037,1039,1043,1046,1049,1052,1055,1058,1061,1063,1065,1067,1070,1072,1074,1076,1078,1080,1082,1084,1087,1090,1093,1097,1101,1104,1109,1113,1118,1124,1131,1137,1146,1154,1163,1172,1181,1190,1200,1209,1218,1228,1237
394735,"Kansas City, MO",30,884,887,891,894,897,901,904,908,911,914,917,920,923,926,928,931,934,937,940,943,946,949,952,955,958,961,964,967,970,973,976,979,982,985,988,991,994,997,1000,1003,1006,1009,1012,1015,1018,1020,1023,1026,1029,1032,1035,1038,1041,1044,1047,1050,1053,1056,1059,1063,1066,1069,1073,1076,1080,1083,1087,1090,1094,1097,1101,1105,1108,1113,1117,1121,1126,1130,1135,1140,1145,1150,1156,1163,1170,1178,1186,1195,1204,1213,1222,1231,1240,1249,1259,1268
394775,"Las Vegas, NV",31,1005,1007,1010,1012,1014,1017,1019,1021,1024,1026,1029,1032,1035,1038,1042,1045,1049,1052,1056,1060,1064,1068,1073,1077,1081,1085,1089,1093,1097,1101,1105,1110,1114,1118,1123,1127,1132,1137,1142,1147,1153,1159,1164,1170,1176,1182,1189,1195,1202,1209,1215,1222,1229,1236,1243,1250,1257,1264,1271,1278,1285,1292,1298,1305,1310,1316,1322,1326,1331,1335,1338,1341,1344,1348,1352,1356,1363,1370,1377,1388,1400,1411,1431,1451,1471,1500,1529,1559,1589,1620,1650,1682,1713,1745,1777,1809
394492,"Columbus, OH",32,929,932,934,936,938,940,943,945,947,949,953,956,959,963,967,971,975,978,982,986,990,994,998,1001,1005,1007,1010,1013,1015,1017,1020,1023,1026,1029,1032,1035,1039,1043,1046,1050,1055,1059,1063,1067,1071,1076,1080,1084,1089,1093,1097,1102,1106,1110,1114,1118,1123,1127,1130,1134,1138,1141,1145,1149,1153,1156,1160,1163,1167,1170,1174,1178,1182,1186,1190,1195,1200,1205,1210,1215,1221,1227,1234,1242,1249,1259,1269,1279,1289,1300,1310,1321,1332,1343,1354,1365
394705,"Indianapolis, IN",33,954,956,958,960,962,964,966,968,970,971,973,975,977,979,981,983,986,989,991,994,997,1000,1003,1006,1009,1012,1014,1017,1019,1021,1023,1025,1027,1029,1031,1033,1035,1038,1040,1043,1046,1049,1053,1056,1060,1063,1067,1070,1074,1077,1081,1084,1087,1090,1094,1097,1101,1105,1109,1113,1118,1122,1126,1131,1135,1139,1143,1147,1151,1155,1159,1163,1167,1172,1178,1183,1189,1196,1202,1210,1218,1227,1237,1247,1257,1270,1283,1297,1310,1323,1337,1350,1364,1377,1391,1405
395059,"San Jose, CA",34,2162,2197,2233,2268,2303,2337,2372,2406,2440,2474,2505,2536,2566,2591,2616,2640,2662,2684,2705,2723,2741,2759,2771,2783,2795,2800,2805,2810,2811,2812,2813,2813,2814,2815,2818,2821,2824,2830,2835,2841,2849,2857,2865,2873,2882,2890,2899,2909,2918,2928,2938,2948,2957,2967,2977,2985,2994,3003,3011,3018,3026,3032,3039,3045,3052,3059,3066,3071,3077,3083,3081,3080,3078,3067,3055,3044,3026,3007,2989,2971,2952,2934,2926,2919,2911,2924,2937,2950,2968,2986,3004,3024,3044,3064,3085,3107
394355,"Austin, TX",35,1177,1183,1188,1194,1200,1205,1211,1217,1222,1228,1233,1239,1244,1249,1254,1258,1263,1268,1273,1278,1282,1287,1291,1295,1299,1302,1305,1309,1311,1313,1315,1317,1319,1321,1323,1325,1327,1329,1330,1332,1333,1335,1336,1337,1338,1340,1342,1344,1346,1350,1354,1358,1363,1368,1373,1379,1385,1390,1396,1401,1407,1412,1417,1422,1426,1431,1436,1440,1443,1447,1448,1450,1451,1449,1448,1446,1445,1443,1441,1444,1446,1448,1461,1473,1486,1512,1538,1564,1592,1621,1650,1679,1709,1739,1770,1801
395194,"Virginia Beach, VA",36,1150,1151,1153,1155,1157,1159,1160,1162,1164,1166,1167,1169,1170,1172,1173,1174,1175,1176,1178,1179,1180,1182,1183,1184,1185,1186,1187,1188,1189,1190,1191,1192,1193,1194,1196,1197,1199,1201,1203,1204,1206,1208,1210,1211,1213,1215,1216,1218,1220,1222,1224,1226,1228,1230,1232,1235,1238,1240,1243,1246,1249,1253,1256,1259,1262,1265,1268,1271,1273,1276,1278,1280,1282,1285,1288,1292,1297,1302,1308,1315,1323,1331,1343,1355,1367,1383,1400,1417,1434,1451,1469,1486,1504,1522,1540,1558
394902,"Nashville, TN",37,1124,1131,1139,1147,1155,1163,1170,1178,1186,1193,1200,1208,1215,1221,1227,1234,1240,1246,1252,1258,1264,1270,1276,1282,1289,1295,1300,1306,1311,1316,1321,1325,1330,1334,1338,1343,1347,1351,1355,1359,1362,1366,1369,1372,1376,1379,1382,1385,1388,1391,1394,1397,1401,1405,1408,1413,1417,1421,1426,1431,1435,1440,1445,1450,1456,1461,1467,1472,1477,1483,1487,1490,1494,1496,1499,1501,1503,1505,1507,1511,1515,1519,1529,1539,1549,1569,1589,1610,1633,1655,1678,1702,1726,1750,1775,1799
395005,"Providence, RI",38,1158,1160,1163,1166,1169,1172,1175,1178,1181,1184,1188,1191,1195,1199,1204,1208,1214,1219,1225,1230,1235,1240,1244,1248,1253,1257,1262,1267,1271,1275,1280,1285,1290,1295,1300,1304,1309,1313,1316,1319,1323,1327,1331,1335,1340,1345,1350,1355,1361,1367,1374,1380,1386,1392,1398,1404,1409,1415,1420,1426,1431,1437,1442,1448,1453,1458,1463,1467,1472,1476,1480,1485,1489,1496,1503,1510,1519,1529,1538,1550,1561,1573,1588,1604,1619,1636,1654,1671,1689,1706,1724,1742,1760,1778,1796,1814
394862,"Milwaukee, WI",39,935,940,945,950,955,959,964,969,973,978,981,984,987,989,991,993,994,995,997,998,999,1001,1002,1003,1005,1006,1008,1009,1010,1012,1013,1015,1016,1017,1019,1020,1022,1023,1024,1026,1027,1029,1030,1032,1033,1035,1037,1039,1040,1042,1044,1046,1048,1050,1053,1055,1057,1059,1062,1064,1066,1069,1071,1074,1076,1079,1081,1084,1086,1088,1090,1093,1095,1097,1099,1102,1104,1107,1109,1112,1115,1118,1122,1127,1131,1138,1144,1151,1158,1164,1171,1178,1185,1192,1199,1206
394714,"Jacksonville, FL",40,1072,1074,1076,1078,1079,1081,1083,1085,1087,1088,1091,1093,1095,1098,1101,1104,1107,1110,1113,1117,1120,1124,1128,1131,1135,1138,1142,1145,1148,1151,1154,1157,1160,1163,1166,1170,1173,1177,1181,1184,1188,1193,1197,1201,1206,1211,1216,1221,1226,1232,1237,1242,1248,1253,1258,1263,1268,1273,1277,1281,1286,1290,1294,1298,1301,1305,1309,1313,1316,1320,1323,1326,1329,1332,1336,1340,1345,1350,1356,1365,1374,1382,1398,1414,1430,1455,1480,1505,1532,1559,1586,1614,1641,1669,1698,1727
394849,"Memphis, TN",41,995,997,999,1002,1004,1006,1008,1010,1012,1014,1016,1018,1019,1021,1022,1023,1024,1026,1027,1029,1030,1032,1033,1035,1037,1039,1041,1043,1045,1046,1048,1050,1051,1053,1055,1056,1058,1060,1061,1063,1065,1067,1069,1071,1074,1076,1079,1082,1085,1088,1092,1095,1098,1102,1106,1109,1113,1117,1121,1125,1129,1133,1137,1141,1145,1149,1152,1157,1161,1166,1171,1177,1182,1190,1198,1205,1215,1225,1234,1245,1257,1268,1282,1296,1310,1326,1343,1360,1377,1394,1411,1428,1446,1463,1481,1498
394935,"Oklahoma City, OK",42,960,964,967,970,974,977,981,984,987,991,994,996,999,1001,1003,1004,1005,1006,1006,1007,1007,1007,1007,1007,1007,1007,1007,1006,1006,1006,1005,1005,1004,1004,1004,1004,1004,1005,1006,1007,1008,1009,1011,1012,1014,1015,1017,1018,1020,1022,1023,1025,1028,1030,1032,1035,1038,1041,1044,1047,1051,1053,1056,1059,1062,1064,1066,1068,1070,1072,1073,1074,1075,1077,1079,1080,1083,1086,1089,1093,1097,1101,1108,1115,1122,1132,1143,1153,1165,1176,1187,1198,1210,1221,1233,1245
394807,"Louisville-Jefferson County, KY",43,844,847,851,855,858,862,865,869,872,876,879,882,885,887,890,892,894,896,898,900,902,904,907,910,912,915,919,922,925,929,933,937,941,944,948,952,955,958,961,964,967,969,972,974,976,979,981,983,985,987,990,992,995,997,1000,1002,1005,1008,1010,1013,1016,1018,1021,1023,1026,1028,1030,1033,1035,1037,1040,1042,1045,1048,1051,1055,1058,1062,1066,1070,1074,1078,1083,1088,1093,1100,1107,1113,1121,1128,1135,1143,1150,1158,1165,1173
394669,"Hartford, CT",44,1228,1230,1233,1236,1238,1241,1244,1246,1249,1252,1255,1258,1261,1264,1266,1268,1270,1272,1274,1276,1278,1280,1282,1284,1285,1287,1289,1291,1293,1294,1296,1298,1299,1301,1303,1305,1307,1309,1311,1313,1315,1317,1319,1321,1323,1325,1327,1329,1331,1333,1335,1338,1340,1343,1346,1349,1351,1354,1357,1359,1362,1364,1366,1369,1371,1373,1375,1377,1380,1382,1384,1386,1389,1393,1397,1400,1406,1411,1416,1423,1430,1436,1446,1455,1465,1477,1489,1501,1513,1526,1538,1551,1564,1576,1590,1603
395022,"Richmond, VA",45,,1059,1063,1067,1071,1075,1079,1083,1086,1090,1094,1096,1099,1102,1104,1106,1108,1110,1113,1115,1118,1121,1124,1127,1130,1133,1135,1137,1140,1142,1144,1146,1148,1151,1153,1155,1158,1161,1164,1166,1169,1173,1177,1180,1184,1188,1192,1196,1200,1204,1207,1211,1215,1219,1222,1226,1230,1233,1237,1241,1245,1248,1252,1256,1260,1264,1267,1271,1274,1277,1280,1282,1284,1287,1290,1292,1295,1299,1303,1307,1313,1319,1326,1336,1346,1356,1371,1385,1400,1415,1430,1446,1461,1477,1492,1508
394910,"New Orleans, LA",46,1079,1080,1082,1083,1085,1086,1088,1089,1091,1093,1095,1097,1100,1102,1104,1106,1109,1111,1114,1116,1118,1120,1121,1123,1124,1125,1126,1127,1128,1130,1131,1132,1134,1135,1137,1138,1140,1142,1144,1146,1147,1147,1148,1149,1149,1150,1150,1151,1152,1153,1154,1154,1155,1156,1157,1158,1159,1161,1162,1163,1164,1166,1168,1170,1173,1175,1177,1180,1182,1184,1185,1186,1188,1189,1190,1191,1193,1195,1197,1201,1204,1208,1215,1221,1228,1239,1251,1262,1276,1290,1304,1318,1332,1347,1361,1376
394425,"Buffalo, NY",47,785,789,794,798,802,806,811,815,819,824,828,832,836,840,844,848,851,855,858,861,864,867,869,871,874,876,878,881,883,886,889,892,895,898,901,904,907,910,912,915,917,920,922,924,926,929,932,934,937,940,943,946,948,951,954,957,960,963,966,969,971,974,976,979,982,984,987,990,993,996,999,1002,1005,1009,1013,1017,1021,1026,1030,1035,1039,1044,1050,1056,1063,1071,1079,1088,1096,1105,1114,1122,1131,1140,1149,1158
395012,"Raleigh, NC",48,1128,1131,1133,1136,1139,1142,1144,1147,1150,1153,1157,1161,1164,1168,1172,1176,1179,1183,1186,1190,1194,1197,1201,1204,1208,1211,1215,1218,1222,1225,1229,1232,1236,1239,1242,1245,1248,1251,1254,1256,1259,1262,1265,1268,1271,1274,1277,1280,1283,1286,1289,1293,1296,1300,1304,1308,1312,1316,1321,1326,1330,1335,1340,1345,1350,1354,1359,1363,1367,1370,1372,1374,1376,1377,1379,1380,1383,1385,1388,1393,1398,1403,1414,1426,1437,1457,1476,1496,1517,1538,1560,1582,1604,1626,1648,1671
394388,"Birmingham, AL",49,970,971,973,975,977,979,981,983,985,987,989,991,993,995,997,999,1001,1003,1005,1008,1010,1012,1014,1015,1017,1019,1020,1022,1023,1024,1025,1027,1028,1029,1030,1032,1033,1035,1037,1039,1041,1044,1046,1049,1051,1053,1056,1059,1061,1064,1066,1069,1072,1075,1078,1082,1086,1090,1094,1098,1102,1105,1109,1113,1116,1119,1122,1125,1128,1131,1134,1137,1140,1144,1147,1151,1155,1160,1165,1170,1175,1180,1187,1194,1201,1211,1221,1231,1242,1252,1263,1274,1285,1296,1307,1319
395053,"Salt Lake City, UT",50,,1025,1028,1032,1035,1039,1042,1046,1049,1053,1056,1060,1064,1067,1071,1075,1079,1083,1088,1092,1097,1101,1106,1110,1115,1119,1124,1129,1133,1138,1142,1146,1151,1156,1161,1166,1172,1177,1182,1188,1193,1198,1203,1208,1213,1219,1224,1229,1234,1240,1245,1251,1256,1262,1268,1274,1279,1285,1290,1296,1301,1306,1311,1316,1321,1324,1328,1332,1335,1338,1341,1342,1343,1345,1346,1348,1350,1353,1356,1360,1367,1375,1383,1397,1411,1425,1444,1464,1484,1505,1525,1545,1566,1588,1609,1630
395031,"Rochester, NY",51,,924,928,932,936,940,944,947,951,955,959,962,965,968,971,973,976,979,981,984,986,989,991,993,995,998,999,1001,1003,1004,1006,1007,1009,1012,1014,1016,1019,1021,1024,1026,1029,1032,1035,1037,1040,1043,1046,1049,1052,1055,1058,1060,1063,1065,1067,1069,1071,1073,1076,1078,1080,1082,1084,1086,1087,1090,1092,1094,1096,1098,1100,1102,1104,1106,1109,1113,1116,1122,1128,1133,1142,1150,1159,1170,1181,1192,1203,1214,1225,1236,1247,1258,1269,1280,1291,1302
394640,"Grand Rapids, MI",52,843,850,856,863,869,875,882,888,894,900,906,912,918,924,930,935,942,948,954,961,968,975,982,989,997,1004,1011,1018,1024,1030,1037,1043,1048,1054,1059,1065,1070,1075,1081,1086,1090,1095,1100,1105,1109,1114,1118,1123,1127,1132,1136,1140,1145,1150,1155,1159,1164,1169,1173,1178,1182,1187,1191,1196,1200,1204,1209,1213,1218,1222,1226,1229,1233,1237,1241,1246,1251,1255,1260,1267,1273,1280,1290,1299,1309,1322,1334,1347,1360,1373,1387,1400,1413,1427,1441,1454
395167,"Tucson, AZ",53,930,931,932,933,934,935,936,937,938,940,941,942,943,945,946,948,950,951,953,955,957,959,962,964,966,969,971,974,977,979,982,986,989,992,996,1000,1004,1008,1013,1017,1021,1025,1029,1033,1037,1042,1046,1051,1056,1061,1067,1072,1078,1084,1090,1096,1102,1108,1113,1119,1125,1130,1136,1141,1147,1152,1158,1163,1168,1173,1178,1183,1188,1194,1200,1206,1214,1222,1230,1241,1251,1262,1277,1293,1308,1327,1346,1365,1385,1405,1425,1445,1466,1486,1507,1528
753924,"Urban Honolulu, HI",54,1967,1983,1999,2015,2031,2047,2063,2078,2093,2109,2122,2135,2148,2158,2167,2177,2182,2188,2194,2197,2201,2205,2209,2212,2216,2219,2222,2225,2227,2229,2231,2234,2236,2239,2241,2244,2246,2248,2250,2252,2254,2256,2259,2261,2264,2266,2269,2272,2275,2278,2282,2285,2288,2292,2295,2299,2302,2306,2309,2312,2316,2319,2322,2326,2329,2332,2336,2338,2340,2342,2342,2342,2341,2340,2339,2338,2339,2339,2339,2344,2349,2353,2365,2376,2388,2406,2424,2442,2461,2481,2500,2520,2540,2559,2580,2600
395169,"Tulsa, OK",55,903,904,906,908,909,911,913,914,916,918,920,921,923,925,927,928,930,931,933,934,935,936,937,937,938,939,939,940,940,941,941,942,943,943,944,945,945,946,946,946,947,948,948,949,950,951,952,953,954,956,957,958,960,961,963,964,965,967,969,971,972,975,977,979,982,985,987,990,993,996,999,1002,1005,1008,1012,1015,1019,1023,1027,1033,1039,1045,1053,1062,1071,1082,1094,1105,1117,1130,1142,1154,1167,1179,1192,1205
394619,"Fresno, CA",56,1147,1150,1153,1156,1159,1161,1164,1167,1170,1173,1175,1178,1181,1184,1186,1189,1192,1195,1198,1201,1205,1208,1212,1216,1220,1224,1229,1233,1237,1241,1245,1249,1253,1256,1261,1266,1271,1277,1282,1288,1294,1300,1306,1312,1318,1324,1330,1335,1341,1346,1352,1358,1365,1371,1378,1385,1392,1399,1406,1413,1420,1427,1433,1440,1447,1454,1461,1467,1474,1480,1485,1490,1495,1500,1505,1511,1518,1525,1533,1546,1559,1572,1593,1614,1635,1661,1687,1713,1738,1763,1788,1813,1839,1864,1889,1914
395238,"Worcester, MA",57,1091,1095,1099,1103,1107,1111,1116,1120,1124,1128,1132,1136,1140,1144,1148,1152,1156,1160,1164,1168,1172,1177,1182,1187,1192,1197,1202,1207,1213,1218,1223,1229,1235,1240,1246,1251,1257,1262,1267,1271,1276,1281,1286,1290,1295,1300,1305,1311,1316,1323,1330,1336,1343,1349,1356,1362,1368,1374,1380,1386,1392,1397,1403,1408,1414,1420,1426,1432,1438,1444,1449,1453,1458,1463,1468,1473,1479,1484,1489,1495,1502,1508,1518,1529,1539,1553,1567,1581,1597,1612,1627,1643,1659,1675,1691,1707
394415,"Stamford, CT",58,1848,1859,1870,1881,1891,1901,1912,1922,1932,1942,1949,1955,1962,1966,1970,1974,1978,1981,1985,1988,1991,1994,1996,1999,2002,2004,2006,2009,2011,2013,2016,2019,2022,2025,2028,2032,2035,2039,2042,2045,2049,2052,2055,2058,2061,2064,2067,2071,2075,2080,2084,2089,2093,2098,2103,2108,2113,2118,2122,2127,2131,2136,2141,2146,2150,2155,2160,2164,2168,2173,2177,2182,2187,2193,2199,2205,2214,2223,2231,2244,2256,2268,2285,2302,2320,2339,2359,2379,2398,2418,2437,2457,2477,2497,2516,2536
394312,"Albuquerque, NM",59,925,926,927,928,930,931,933,934,935,937,939,941,942,944,946,948,950,952,954,956,958,960,962,964,966,968,971,973,975,977,980,982,984,986,988,990,992,994,995,997,999,1000,1002,1005,1007,1009,1012,1014,1017,1020,1023,1026,1029,1032,1035,1038,1041,1044,1047,1051,1055,1059,1063,1067,1071,1076,1080,1084,1088,1092,1096,1100,1104,1109,1114,1119,1126,1132,1139,1148,1157,1166,1180,1193,1206,1224,1242,1260,1279,1297,1316,1335,1354,1373,1393,1412
394308,"Albany, NY",60,1035,1040,1045,1049,1054,1058,1063,1067,1071,1076,1079,1082,1085,1086,1088,1089,1090,1090,1091,1092,1094,1095,1098,1100,1102,1105,1108,1111,1115,1119,1122,1126,1129,1132,1134,1137,1139,1141,1142,1144,1144,1145,1146,1148,1149,1151,1153,1156,1158,1161,1163,1166,1169,1172,1175,1177,1178,1180,1182,1184,1186,1189,1191,1193,1196,1199,1202,1205,1208,1212,1215,1218,1221,1223,1226,1229,1232,1235,1238,1242,1245,1248,1255,1261,1268,1277,1287,1297,1307,1317,1327,1338,1348,1359,1370,1381
394938,"Omaha, NE",61,823,827,831,835,839,843,847,851,855,859,863,867,871,874,877,880,882,884,887,889,890,892,894,896,898,901,903,906,909,912,915,917,920,922,925,928,930,932,934,937,939,940,942,944,946,948,950,951,953,955,957,959,961,964,966,969,972,974,977,980,983,986,989,992,995,998,1001,1005,1008,1012,1016,1020,1024,1028,1031,1035,1039,1043,1046,1050,1054,1058,1063,1068,1074,1081,1089,1097,1105,1113,1122,1130,1139,1147,1156,1164
394908,"New Haven, CT",62,1273,1278,1284,1289,1294,1299,1304,1309,1315,1320,1324,1328,1332,1335,1337,1340,1342,1344,1346,1348,1351,1353,1356,1359,1362,1364,1367,1370,1373,1375,1378,1380,1382,1384,1386,1388,1390,1392,1395,1398,1401,1404,1407,1410,1413,1416,1419,1422,1425,1428,1431,1434,1437,1441,1444,1448,1451,1455,1458,1461,1465,1468,1471,1474,1477,1480,1484,1487,1491,1495,1498,1502,1506,1511,1515,1520,1526,1531,1537,1543,1549,1556,1567,1577,1588,1604,1621,1637,1655,1672,1690,1708,1726,1744,1763,1781
394357,"Bakersfield, CA",63,1001,1005,1008,1012,1015,1019,1022,1026,1030,1033,1036,1039,1042,1044,1046,1048,1049,1051,1052,1053,1054,1055,1057,1058,1059,1061,1063,1065,1068,1071,1073,1077,1080,1083,1086,1089,1093,1095,1098,1100,1102,1105,1107,1110,1114,1117,1120,1124,1128,1132,1136,1141,1145,1150,1155,1160,1165,1171,1176,1182,1187,1193,1198,1203,1209,1214,1219,1224,1229,1233,1239,1244,1249,1257,1264,1271,1280,1289,1298,1308,1319,1329,1342,1355,1368,1384,1400,1416,1433,1451,1468,1486,1503,1521,1539,1557
394753,"Knoxville, TN",64,928,931,933,936,938,941,944,946,949,952,954,957,960,962,964,965,966,967,967,968,969,970,972,974,976,980,983,987,991,995,998,1002,1006,1010,1013,1016,1020,1023,1026,1029,1033,1037,1040,1044,1047,1051,1054,1058,1062,1066,1070,1074,1078,1083,1088,1093,1099,1104,1110,1115,1121,1126,1132,1137,1142,1147,1153,1157,1161,1165,1169,1172,1175,1180,1185,1190,1196,1203,1210,1219,1228,1237,1252,1266,1281,1300,1320,1340,1361,1381,1402,1423,1445,1466,1488,1510
394653,"Greenville, SC",65,968,967,966,964,964,963,962,961,960,959,960,962,963,966,970,973,977,982,986,991,996,1001,1006,1011,1016,1019,1023,1027,1030,1032,1035,1037,1038,1040,1041,1043,1045,1047,1049,1051,1054,1057,1059,1062,1065,1068,1071,1074,1077,1081,1084,1087,1091,1095,1098,1102,1105,1109,1112,1115,1119,1122,1125,1128,1131,1134,1137,1140,1143,1146,1148,1150,1152,1153,1154,1155,1157,1159,1161,1165,1169,1173,1182,1191,1199,1214,1228,1242,1257,1272,1287,1302,1318,1333,1349,1365
394952,"Ventura, CA",66,1902,1911,1919,1927,1936,1944,1952,1961,1969,1978,1988,1997,2007,2016,2025,2034,2042,2050,2058,2065,2072,2079,2086,2093,2100,2109,2117,2125,2134,2143,2152,2162,2172,2182,2190,2199,2207,2215,2222,2229,2237,2244,2251,2259,2266,2273,2282,2290,2298,2307,2316,2325,2334,2344,2353,2361,2369,2377,2384,2391,2398,2403,2409,2415,2420,2426,2431,2436,2440,2445,2448,2451,2454,2458,2462,2466,2474,2481,2489,2502,2516,2529,2552,2574,2597,2627,2657,2688,2719,2751,2783,2815,2847,2879,2912,2945
394318,"Allentown, PA",67,1173,1175,1177,1179,1181,1183,1185,1187,1189,1191,1193,1195,1197,1198,1200,1202,1204,1206,1209,1212,1214,1217,1220,1223,1225,1228,1231,1234,1237,1239,1242,1245,1247,1250,1253,1256,1259,1262,1266,1269,1272,1275,1278,1281,1284,1287,1290,1293,1296,1299,1303,1306,1310,1314,1317,1321,1326,1330,1334,1338,1343,1347,1351,1355,1360,1364,1368,1371,1374,1378,1380,1383,1386,1390,1395,1399,1407,1415,1422,1434,1445,1457,1473,1489,1506,1525,1544,1563,1583,1603,1623,1643,1662,1682,1703,1723
394561,"El Paso, TX",68,979,979,980,980,980,981,981,982,982,982,983,983,984,984,984,984,985,985,985,985,985,986,986,986,987,987,987,988,988,989,990,991,991,992,992,993,993,993,994,994,994,994,994,994,995,995,996,997,998,999,1000,1002,1003,1005,1006,1008,1009,1011,1013,1014,1016,1018,1021,1023,1026,1029,1032,1035,1039,1042,1046,1050,1054,1059,1063,1068,1074,1079,1085,1091,1098,1105,1112,1119,1127,1136,1146,1155,1166,1176,1186,1197,1207,1217,1228,1239
394367,"Baton Rouge, LA",69,1070,1072,1073,1074,1075,1076,1078,1079,1081,1082,1085,1087,1090,1092,1094,1095,1097,1099,1101,1102,1104,1106,1108,1109,1111,1115,1118,1121,1126,1131,1135,1139,1143,1147,1149,1151,1153,1153,1154,1154,1153,1152,1151,1150,1149,1148,1148,1148,1148,1148,1149,1150,1150,1150,1150,1150,1150,1150,1150,1151,1151,1151,1151,1151,1151,1150,1150,1149,1149,1149,1148,1148,1148,1149,1150,1151,1153,1155,1158,1161,1165,1169,1174,1179,1185,1193,1201,1209,1218,1227,1237,1246,1255,1265,1275,1284
394521,"Dayton, OH",70,806,808,810,812,814,816,818,819,821,823,825,827,829,831,833,834,836,838,841,843,846,849,852,855,858,861,863,866,868,870,872,874,876,878,880,882,884,887,889,892,895,898,901,904,907,910,913,916,920,922,925,928,930,933,935,938,941,944,947,950,953,957,960,964,968,972,976,980,984,988,992,995,999,1003,1006,1010,1014,1019,1023,1029,1034,1040,1047,1054,1061,1071,1081,1091,1101,1111,1121,1132,1142,1152,1163,1173
394843,"McAllen, TX",71,789,791,,795,797,800,802,804,806,808,810,811,813,815,816,817,818,820,821,822,823,825,826,827,828,829,830,831,832,833,834,835,835,836,837,838,839,840,840,841,843,844,845,846,847,848,849,850,851,852,852,853,854,854,855,855,856,857,858,859,861,862,864,866,867,868,870,871,872,874,875,877,879,881,883,885,888,890,893,897,901,905,910,916,921,929,936,944,952,960,968,976,984,993,1001,1009
394486,"Columbia, SC",72,,952,954,956,957,959,961,962,964,966,968,970,971,973,975,977,978,980,982,983,986,988,990,992,994,996,998,1000,1002,1004,1007,1009,1012,1014,1016,1019,1021,1023,1025,1027,1029,1032,1034,1036,1039,1042,1044,1047,1050,1053,1056,1060,1063,1066,1070,1073,1077,1081,1085,1089,1094,1098,1101,1105,1109,1112,1115,1119,1122,1125,1128,1131,1135,1138,1143,1147,1152,1158,1164,1170,1178,1186,1193,1204,1216,1227,1242,1258,1273,1289,1304,1320,1336,1352,1368,1385
394648,"Greensboro, NC",73,952,953,954,955,956,957,958,959,960,961,963,964,966,968,971,973,974,976,977,978,980,981,982,983,984,986,987,989,993,996,999,1003,1007,1011,1014,1018,1022,1025,1028,1031,1034,1036,1039,1041,1043,1045,1048,1051,1053,1056,1059,1062,1066,1069,1073,1077,1081,1085,1090,1094,1099,1104,1109,1114,1118,1123,1128,1132,1136,1141,1145,1149,1153,1158,1163,1168,1174,1181,1187,1196,1205,1213,1225,1236,1247,1263,1278,1293,1310,1327,1344,1361,1378,1395,1412,1430
394304,"Akron, OH",74,781,784,787,791,794,797,800,804,807,810,814,817,820,823,826,829,831,833,836,837,839,841,842,843,845,846,848,849,851,852,853,855,856,857,859,861,862,863,865,866,867,868,869,871,872,873,875,876,878,879,881,883,884,886,888,890,893,895,897,898,900,903,905,907,910,913,916,919,922,925,928,931,934,937,940,943,946,950,953,958,963,969,976,984,991,1000,1009,1018,1027,1036,1044,1053,1062,1071,1080,1089
753906,"North Port-Sarasota-Bradenton, FL",75,1211,1219,1228,1237,1245,1254,1263,1271,1280,1289,1297,1304,1312,1320,1327,1335,1342,1349,1356,1362,1368,1375,1380,1385,1390,1394,1398,1402,1405,1409,1412,1416,1419,1423,1426,1430,1434,1438,1442,1446,1449,1453,1456,1460,1463,1467,1471,1475,1479,1484,1489,1494,1499,1504,1508,1513,1517,1522,1527,1531,1536,1541,1546,1550,1555,1560,1565,1569,1573,1577,1580,1583,1586,1590,1594,1598,1604,1611,1617,1628,1638,1649,1672,1694,1716,1755,1794,1834,1878,1922,1966,2012,2058,2104,2152,2200
394798,"Little Rock, AR",76,785,786,787,787,788,789,790,791,791,792,793,794,795,796,797,798,799,800,801,802,802,803,804,804,805,805,806,806,807,808,809,810,811,812,813,814,815,816,817,819,820,821,822,822,823,824,824,825,825,826,827,828,829,830,831,833,834,836,838,840,842,844,846,847,849,851,852,854,856,858,860,862,864,867,870,874,878,882,886,891,896,901,907,914,921,930,939,948,958,967,977,987,996,1006,1016,1026
395134,"Stockton, CA",77,1370,1376,1382,1389,1395,1402,1408,1415,1421,1428,1436,1444,1452,1461,1470,1479,1489,1498,1508,1518,1529,1539,1550,1561,1571,1581,1592,1602,1613,1623,1634,1646,1657,1668,1680,1692,1704,1716,1728,1740,1751,1763,1774,1784,1793,1803,1813,1822,1831,1840,1849,1858,1867,1876,1885,1894,1903,1912,1920,1929,1938,1946,1954,1962,1971,1980,1989,1999,2009,2019,2028,2037,2047,2057,2067,2078,2091,2105,2119,2138,2157,2176,2203,2230,2258,2287,2316,2345,2372,2399,2426,2454,2481,2508,2535,2561
394457,"Charleston, SC",78,1143,1148,1153,1158,1164,1169,1174,1180,1185,1191,1196,1201,1206,1211,1216,1220,1224,1228,1231,1235,1239,1243,1247,1252,1257,1262,1268,1273,1279,1284,1290,1295,1300,1305,1310,1314,1319,1323,1328,1332,1337,1342,1346,1350,1355,1359,1363,1367,1371,1375,1379,1382,1386,1390,1394,1398,1402,1406,1410,1414,1418,1422,1425,1429,1433,1437,1441,1445,1449,1453,1455,1457,1459,1461,1463,1465,1467,1470,1472,1476,1481,1485,1497,1509,1521,1542,1564,1586,1609,1633,1657,1681,1706,1731,1756,1782
395143,"Syracuse, NY",79,925,928,932,936,939,943,946,950,953,957,960,963,966,968,971,973,976,980,983,988,992,996,999,1002,1005,1007,1009,1011,1013,1016,1018,1020,1021,1023,1025,1027,1029,1032,1035,1037,1041,1045,1048,1052,1055,1059,1061,1064,1066,1067,1068,1070,1070,1070,1070,1070,1070,1070,1072,1074,1076,1079,1082,1085,1088,1092,1095,1099,1104,1108,1112,1116,1120,1124,1128,1132,1136,1140,1145,1150,1156,1162,1171,1180,1188,1202,1216,1230,1245,1260,1275,1291,,1322,1337,1353
394484,"Colorado Springs, CO",80,1033,1038,1042,1047,1051,1055,1060,1064,1068,1073,1077,1081,1086,1090,1095,1099,1104,1109,1114,1120,1125,1131,1137,1143,1149,1156,1163,1169,1176,1183,1190,1197,1203,1210,1217,1223,1230,1236,1242,1248,1254,1260,1267,1273,1280,1287,1293,1299,1305,1311,1317,1322,1327,1333,1338,1343,1349,1354,1360,1366,1371,1378,1384,1390,1397,1404,1410,1416,1422,1428,1433,1438,1443,1448,1454,1460,1466,1473,1480,1490,1499,1509,1524,1539,1554,1573,1592,1610,1630,1649,1668,1687,1707,1726,1746,1765
395235,"Winston-Salem, NC",81,1080,1079,1079,1078,1078,1077,1077,1077,1077,1077,1078,1080,1082,1085,1087,1090,1093,1096,1099,1102,1105,1107,1110,1113,1116,1118,1120,1123,1125,1127,1130,1132,1135,1138,1141,1144,1147,1150,1153,1157,1161,1164,1168,1172,1176,1180,1184,1188,1192,1196,1200,1204,1208,1212,1217,1222,1227,1232,1237,1243,1248,1253,1259,1264,1269,1274,1279,1284,1288,1293,1297,1301,1306,1311,1317,1323,1330,1337,1344,1353,1363,1372,1386,1400,1414,1432,1450,1468,1486,1505,1523,1542,1561,1580,1599,1618
395224,"Wichita, KS",82,,731,735,739,743,746,749,753,756,759,762,763,764,765,765,764,764,764,764,764,764,765,766,767,768,769,770,771,771,771,772,772,772,772,772,772,773,773,773,774,775,775,776,777,778,778,779,780,781,782,783,784,785,786,787,788,789,790,791,792,793,794,796,797,798,800,802,803,805,807,809,811,813,816,818,820,823,825,828,830,834,837,841,845,850,855,860,866,872,878,884,890,896,902,908,915
395115,"Springfield, MA",83,1223,1226,1229,1232,1235,1238,1241,1244,1247,1250,1253,1256,1259,1262,1264,1267,1269,1272,1275,1279,1282,1285,1290,1294,1298,1302,1306,1310,1313,1316,1319,1322,1324,1326,1328,1330,1331,1334,1336,1339,1342,1346,1349,1353,1357,1360,1364,1368,1372,1377,1382,1386,1391,1395,1399,1403,1407,1411,1415,1418,1422,1425,1427,1430,1433,1437,1440,1444,1448,1452,1455,1459,1462,1465,1468,1471,1476,1480,1484,1490,1497,1503,1511,1519,1527,1536,1545,1554,1563,1573,1582,1592,1601,1610,1619,1629
394440,"Fort Myers, FL",84,965,973,981,990,998,1007,1015,1024,1033,1041,1051,1061,1071,1082,1093,1104,1114,1125,1135,1145,1155,1165,1173,1181,1189,1195,1201,1207,1212,1218,1223,1228,1232,1237,1241,1245,1249,1252,1256,1259,1263,1267,1270,1274,1278,1282,1286,1290,1295,1299,1304,1308,1312,1316,1321,1324,1328,1332,1336,1341,1345,1349,1353,1356,1360,1364,1367,1371,1375,1379,1382,1386,1390,1394,1399,1403,1409,1414,1420,1428,1436,1444,1460,1476,1492,1523,1555,1586,1621,1657,1693,1730,1767,1804,1843,1882
394399,"Boise City, ID",85,947,951,955,959,963,966,970,974,978,982,986,990,994,999,1003,1007,1012,1017,1022,1028,1033,1039,1045,1050,1056,1062,1068,1074,1080,1086,1092,1098,1104,1110,1116,1122,1128,1135,1142,1148,1155,1162,1169,1176,1183,1190,1197,1204,1211,1219,1226,1234,1242,1251,1259,1268,1277,1285,1294,1303,1311,1319,1327,1335,1341,1348,1355,1362,1368,1374,1379,1385,1390,1397,1404,1411,1422,1433,1444,1462,1479,1496,1521,1546,1572,1599,1626,1654,1680,1706,1732,1759,1785,1811,1837,1862
395160,"Toledo, OH",86,829,830,831,832,833,834,835,836,838,839,841,843,845,847,848,850,852,853,855,856,857,858,859,860,861,864,866,869,872,874,877,878,880,881,883,884,885,887,888,889,891,893,895,897,900,902,904,906,909,910,911,913,914,915,915,916,917,918,920,921,922,924,926,928,929,930,931,933,934,935,937,939,941,944,947,949,953,957,961,967,972,978,987,995,1004,1015,1026,1036,1047,1058,1069,1080,1092,1103,1114,1125
394816,"Madison, WI",87,1026,1028,1029,1031,1033,1035,1036,1038,1040,1042,1045,1048,1051,1055,1058,1061,1065,1069,1072,1076,1080,1083,1087,1090,1093,1096,1098,1101,1103,1105,1108,1109,1111,1113,1115,1117,1119,1121,1123,1124,1126,1128,1130,1132,1134,1135,1137,1139,1141,1144,1146,1148,1151,1154,1157,1160,1163,1166,1169,1172,1175,1177,1179,1182,1185,1187,1190,1193,1196,1199,1201,1203,1206,1209,1211,1214,1217,1220,1223,1226,1229,1232,1236,1241,1245,1250,1256,1262,1267,1273,1279,1285,1291,1296,1302,1308
394766,"Lakeland, FL",88,1026,1029,1032,1034,1037,1040,1043,1046,1048,1051,1055,1058,1062,1065,1069,1073,1076,1080,1084,1088,1092,1096,1101,1105,1109,1114,1119,1125,1130,1135,1140,1145,1150,1155,1160,1164,1169,1173,1178,1182,1186,1191,1196,1201,1206,1211,1218,1225,1231,1238,1246,1253,1260,1267,1274,1282,1289,1296,1302,1308,1314,1319,1325,1330,1335,1341,1346,1350,1355,1360,1365,1369,1374,1379,1385,1390,1396,1403,1409,1418,1427,1436,1451,1465,1480,1502,1525,1547,1572,1596,1620,1645,1670,1695,1721,1747
394931,"Ogden, UT",89,949,952,955,958,961,964,967,970,973,976,979,982,985,989,993,997,1001,1005,1009,1013,1017,1020,1024,1028,1032,1036,1041,1046,1051,1056,1061,1067,1073,1079,1085,1091,1097,1101,1106,1111,1116,1121,1125,1131,1136,1141,1147,1153,1159,1165,1171,1177,1184,1190,1197,1203,1210,1216,1222,1228,1234,1240,1245,1251,1256,1261,1266,1271,1277,1282,1286,1291,1295,1300,1304,1309,1315,1321,1327,1335,1344,1353,1367,1381,1395,1414,1433,1452,1472,1492,1511,1532,1552,1572,1592,1612
394528,"Daytona Beach, FL",90,987,992,997,1002,1007,1012,1017,1022,1027,1033,1038,1044,1050,1056,1063,1069,1075,1081,1087,1092,1098,1103,1109,1115,1121,1128,1134,1140,1147,1153,1159,1165,1170,1176,1181,1186,1191,1196,1201,1206,1211,1216,1221,1228,1234,1240,1247,1254,1261,1267,1274,1280,1287,1293,1300,1306,1313,1319,1324,1330,1335,1341,1346,1351,1356,1361,1366,1371,1375,1380,1384,1388,1393,1398,1403,1408,1414,1421,1427,1437,1446,1455,1470,1484,1498,1518,1538,1558,1579,1601,1623,1645,1667,1689,1711,1734
394531,"Des Moines, IA",91,994,998,1002,1007,1011,1015,1019,1023,1027,1031,1034,1037,1040,1041,1041,1042,1041,1039,1038,1037,1035,1034,1034,1034,1034,1035,1036,1038,1040,1043,1045,1048,1050,1053,1055,1057,1059,1061,1062,1064,1064,1065,1066,1066,1066,1067,1068,1069,1070,1071,1072,1074,1075,1077,1079,1080,1082,1083,1084,1086,1087,1088,1090,1092,1094,1096,1098,1100,1102,1105,1106,1107,1109,1110,1112,1113,1115,1117,1119,1121,1124,1127,1131,1135,1139,1144,1148,1153,1159,1164,1169,1175,1180,1186,1191,1197
394711,"Jackson, MS",92,1085,1087,1089,1091,1092,1094,1096,1098,1099,1101,1103,1104,1105,1106,1107,1108,1111,1113,1115,1118,1121,1124,1127,1130,1133,1135,1138,1140,1141,1142,1143,1143,1143,1143,1144,1144,1145,1146,1147,1149,1150,1151,1153,1154,1155,1157,1157,1158,1159,1160,1161,1162,1163,1165,1166,1168,1169,1170,1172,1173,1175,1176,1178,1179,1181,1182,1184,1186,1189,1192,1194,1197,1200,1203,1206,1209,1212,1215,1218,1222,1225,1229,1236,1243,1250,1259,1268,1277,1286,1295,1303,1313,1322,1331,1341,1350
395245,"Youngstown, OH",93,618,619,620,621,622,623,624,625,626,627,628,628,629,629,630,630,631,631,632,633,633,634,635,636,637,638,640,642,643,644,645,647,648,650,652,654,656,657,658,660,661,662,663,664,665,666,667,668,670,672,674,676,678,681,683,685,688,690,691,693,694,695,696,696,697,698,699,701,703,705,708,711,714,717,721,724,728,732,736,741,745,750,756,762,768,777,785,794,803,812,821,830,839,848,858,867
394352,"Augusta, GA",94,916,915,914,914,913,913,912,912,911,911,912,913,914,916,918,920,921,923,925,927,929,931,932,934,936,937,939,941,942,944,946,947,949,950,952,954,955,957,959,961,964,966,969,971,974,977,980,982,985,987,990,992,994,997,999,1002,1005,1008,1012,1015,1019,1023,1027,1030,1034,1038,1041,1045,1048,1052,1055,1059,1063,1068,1073,1079,1085,1092,1099,1107,1115,1123,1133,1143,1153,1165,1177,1189,1201,1214,1226,1239,1251,1264,1277,1290
395075,"Scranton, PA",95,833,835,836,838,839,840,842,843,844,845,846,846,846,846,846,846,847,847,848,849,851,852,854,856,858,860,861,863,865,867,869,871,873,876,877,879,880,882,883,884,885,886,888,888,889,889,890,891,893,894,896,898,900,902,904,906,908,911,913,916,919,922,925,929,932,935,939,942,945,948,950,953,955,958,961,964,968,973,977,984,990,997,1006,1015,1024,1035,1047,1058,1069,1080,1091,1103,1114,1125,1137,1148
394666,"Harrisburg, PA",96,986,984,981,979,977,975,973,972,970,968,969,970,971,973,975,978,980,982,983,985,986,987,989,991,993,995,998,1000,1002,1004,1007,1008,1010,1012,1013,1014,1015,1016,1017,1018,1019,1020,1021,1023,1024,1025,1027,1029,1031,1034,1036,1039,1043,1047,1052,1056,1061,1065,1069,1073,1077,1081,1084,1088,1091,1093,1096,1098,1100,1102,1103,1105,1106,1108,1109,1111,1114,1117,1119,1124,1130,1135,1144,1153,1162,1174,1187,1199,1212,1224,1237,1250,1263,,1289,1303
394957,"Melbourne, FL",97,940,945,949,954,959,964,969,974,979,983,989,995,1001,1007,1014,1021,1028,1035,1043,1050,1057,1064,1070,1077,1084,1091,1097,1104,1111,1118,1125,1132,1139,1146,1152,1159,1166,1173,1179,1186,1193,1199,1206,1212,1219,1226,1233,1241,1248,1255,1262,1269,1276,1282,1289,1295,1301,1307,1312,1316,1321,1325,1330,1334,1339,1343,1348,1353,1359,1364,1369,1374,1379,1384,1389,1394,1401,1407,1413,1421,1430,1438,1454,1469,1484,1509,1533,1557,1584,1611,1637,1665,1692,1720,1748,1776
395113,"Spokane, WA",99,943,939,935,931,927,924,921,917,914,911,912,912,913,917,921,925,930,936,942,948,953,959,963,968,972,976,980,984,987,990,993,996,998,1001,1004,1007,1011,1015,1020,1024,1029,1033,1038,1043,1048,1053,1059,1064,1070,1075,1080,1085,1090,1095,1100,1106,1111,1117,1122,1128,1133,1139,1144,1149,1154,1159,1164,1169,1174,1179,1183,1187,1192,1198,1203,1209,1218,1226,1235,1247,1259,1271,1290,1309,1328,1350,1372,1394,1415,1436,1457,1479,1500,1522,1543,1565
395006,"Provo, UT",100,1003,1007,1012,1016,1020,1024,1029,1033,1037,1041,1045,1049,1053,1057,1061,1065,1070,1074,1079,1083,1088,1092,1097,1103,1108,1113,1119,1125,1129,1134,1139,1143,1148,1152,1157,1162,1166,1170,1174,1178,1183,1187,1191,1196,1201,1206,1211,1216,1221,1226,1232,1237,1242,1247,1252,1257,1262,1266,1271,1275,1280,1284,1288,1292,1296,1299,1303,1306,1309,1311,1314,1317,1319,1323,1326,1329,1336,1342,1348,1359,1369,1379,1393,1407,1421,1440,1459,1478,1499,1519,1539,1560,1580,1601,1622,1643
394746,"Killeen, TX",128,859,861,862,864,866,867,869,870,872,873,874,876,877,877,878,879,879,879,880,880,881,881,882,883,883,884,885,885,886,887,888,889,890,891,892,893,895,896,897,898,899,900,901,903,904,906,907,909,910,912,914,916,919,921,923,926,929,932,936,940,944,948,952,956,960,963,967,970,973,976,979,982,986,991,996,1001,1009,1016,1024,1033,1043,1053,1066,1080,1094,1113,1132,1151,1171,1191,1211,1232,1253,1273,1295,1316
394483,"College Station, TX",192,1205,1211,1217,1223,1229,1235,1240,1246,1252,1258,1265,1271,1278,1283,1289,1295,1301,1308,1315,1321,1327,1333,1337,1341,1345,1347,1350,1352,1355,1358,1361,1365,1368,1372,1374,1377,1379,1380,1382,1383,1383,1384,1384,1383,1383,1382,1382,1382,1381,1382,1383,1384,1385,1386,1387,1389,1390,1391,1393,1396,1398,1402,1405,1409,1413,1416,1420,1423,1425,1428,1430,1432,1434,1436,1437,1439,1443,1446,1450,1454,1458,1462,1466,1471,1475,1482,1489,1495,1503,1510,1517,1525,1532,1540,1548,1556
